,STATION,WEEKDAY,HOUR,PEOPLE
2478,34 ST-PENN STA,0,0,24355.0
14658,TIMES SQ-42 ST,0,0,21392.0
2730,42 ST-PORT AUTH,0,0,20288.5
2394,34 ST-HERALD SQ,0,0,15167.75
9618,GRD CNTRL-42 ST,0,0,12772.75
378,125 ST,0,0,12146.5
588,14 ST-UNION SQ,0,0,11480.5
10668,JOURNAL SQUARE,0,0,10459.25
13062,PATH NEW WTC,0,0,9568.5
8946,FLUSHING-MAIN,0,0,9443.75
3444,59 ST COLUMBUS,0,0,9359.5
9324,FULTON ST,0,0,8894.0
10626,JKSN HT-ROOSVLT,0,0,8667.5
7098,CANAL ST,0,0,8554.25
1848,23 ST,0,0,8120.0
4452,86 ST,0,0,7754.5
3150,50 ST,0,0,7173.25
3402,59 ST,0,0,6972.5
546,14 ST,0,0,6963.75
15078,W 4 ST-WASH SQ,0,0,6660.0
10669,JOURNAL SQUARE,0,4,7785.75
2731,42 ST-PORT AUTH,0,4,6591.0
2479,34 ST-PENN STA,0,4,5458.0
14659,TIMES SQ-42 ST,0,4,4108.75
379,125 ST,0,4,2571.5
10627,JKSN HT-ROOSVLT,0,4,2188.5
13063,PATH NEW WTC,0,4,2183.75
2395,34 ST-HERALD SQ,0,4,2106.25
9619,GRD CNTRL-42 ST,0,4,1824.25
631,145 ST,0,4,1724.5
9325,FULTON ST,0,4,1700.0
8947,FLUSHING-MAIN,0,4,1594.75
589,14 ST-UNION SQ,0,4,1521.0
3445,59 ST COLUMBUS,0,4,1404.75
3151,50 ST,0,4,1379.25
3403,59 ST,0,4,1367.75
7099,CANAL ST,0,4,1300.0
10417,JAMAICA CENTER,0,4,1299.25
547,14 ST,0,4,1293.25
10711,JUNCTION BLVD,0,4,1250.5
9620,GRD CNTRL-42 ST,0,8,36263.0
2480,34 ST-PENN STA,0,8,20817.0
590,14 ST-UNION SQ,0,8,20198.25
9326,FULTON ST,0,8,19751.5
380,125 ST,0,8,18241.25
2732,42 ST-PORT AUTH,0,8,16638.0
1850,23 ST,0,8,15592.75
4664,96 ST,0,8,15488.5
4454,86 ST,0,8,14658.25
10670,JOURNAL SQUARE,0,8,13478.0
2396,34 ST-HERALD SQ,0,8,13252.5
8948,FLUSHING-MAIN,0,8,12949.0
3824,7 AV,0,8,11843.0
14660,TIMES SQ-42 ST,0,8,11496.5
10418,JAMAICA CENTER,0,8,11235.75
7100,CANAL ST,0,8,10417.75
3404,59 ST,0,8,10384.5
3908,72 ST,0,8,10256.0
13064,PATH NEW WTC,0,8,10128.5
10628,JKSN HT-ROOSVLT,0,8,9533.25
2481,34 ST-PENN STA,0,12,68668.5
9621,GRD CNTRL-42 ST,0,12,57908.0
2397,34 ST-HERALD SQ,0,12,48557.5
14661,TIMES SQ-42 ST,0,12,39120.0
2733,42 ST-PORT AUTH,0,12,35805.5
9327,FULTON ST,0,12,35309.25
1851,23 ST,0,12,33879.0
591,14 ST-UNION SQ,0,12,31901.25
2901,47-50 STS ROCK,0,12,28691.25
13065,PATH NEW WTC,0,12,27727.75
4455,86 ST,0,12,27000.75
7101,CANAL ST,0,12,26554.25
3447,59 ST COLUMBUS,0,12,25796.25
3405,59 ST,0,12,25515.5
381,125 ST,0,12,24540.5
7395,CHAMBERS ST,0,12,23551.5
549,14 ST,0,12,22349.75
8949,FLUSHING-MAIN,0,12,20786.25
11175,LEXINGTON AV/53,0,12,20016.0
15207,WALL ST,0,12,19679.75
9622,GRD CNTRL-42 ST,0,16,46194.5
2482,34 ST-PENN STA,0,16,45601.75
592,14 ST-UNION SQ,0,16,38682.0
2398,34 ST-HERALD SQ,0,16,38420.25
1852,23 ST,0,16,32652.0
9328,FULTON ST,0,16,31356.25
14662,TIMES SQ-42 ST,0,16,29586.75
7102,CANAL ST,0,16,28680.75
382,125 ST,0,16,27312.5
4456,86 ST,0,16,27299.0
2734,42 ST-PORT AUTH,0,16,24892.75
3448,59 ST COLUMBUS,0,16,24682.0
4666,96 ST,0,16,22718.5
550,14 ST,0,16,21915.5
3406,59 ST,0,16,20690.75
7396,CHAMBERS ST,0,16,20374.75
8950,FLUSHING-MAIN,0,16,16823.25
3910,72 ST,0,16,16192.0
10630,JKSN HT-ROOSVLT,0,16,15546.75
2902,47-50 STS ROCK,0,16,15217.25
2483,34 ST-PENN STA,0,20,83173.75
9623,GRD CNTRL-42 ST,0,20,77309.25
2399,34 ST-HERALD SQ,0,20,65621.75
14663,TIMES SQ-42 ST,0,20,53363.0
593,14 ST-UNION SQ,0,20,50113.25
9329,FULTON ST,0,20,49465.5
1853,23 ST,0,20,47898.75
2735,42 ST-PORT AUTH,0,20,43735.5
7103,CANAL ST,0,20,36502.5
3449,59 ST COLUMBUS,0,20,34905.5
4457,86 ST,0,20,34761.25
13067,PATH NEW WTC,0,20,33874.25
551,14 ST,0,20,33278.5
2903,47-50 STS ROCK,0,20,32706.5
3407,59 ST,0,20,31423.5
383,125 ST,0,20,30363.25
7397,CHAMBERS ST,0,20,30043.5
5087,ATL AV-BARCLAY,0,20,25765.25
4667,96 ST,0,20,25427.5
8951,FLUSHING-MAIN,0,20,24988.75
2484,34 ST-PENN STA,1,0,31165.5
2400,34 ST-HERALD SQ,1,0,24372.75
2736,42 ST-PORT AUTH,1,0,21976.25
14664,TIMES SQ-42 ST,1,0,20199.5
9624,GRD CNTRL-42 ST,1,0,18093.25
594,14 ST-UNION SQ,1,0,14484.0
10674,JOURNAL SQUARE,1,0,14176.5
1854,23 ST,1,0,12692.0
3450,59 ST COLUMBUS,1,0,12076.75
9330,FULTON ST,1,0,11792.5
384,125 ST,1,0,11720.75
8952,FLUSHING-MAIN,1,0,11433.5
4458,86 ST,1,0,10580.5
552,14 ST,1,0,10463.25
3408,59 ST,1,0,9338.75
13068,PATH NEW WTC,1,0,9237.0
7104,CANAL ST,1,0,8884.5
10632,JKSN HT-ROOSVLT,1,0,8860.0
3156,50 ST,1,0,7905.5
7398,CHAMBERS ST,1,0,7866.25
10675,JOURNAL SQUARE,1,4,12328.5
2737,42 ST-PORT AUTH,1,4,5895.5
2485,34 ST-PENN STA,1,4,5379.5
14665,TIMES SQ-42 ST,1,4,4776.5
10633,JKSN HT-ROOSVLT,1,4,2987.5
385,125 ST,1,4,2504.0
9625,GRD CNTRL-42 ST,1,4,2431.25
2401,34 ST-HERALD SQ,1,4,2276.5
8953,FLUSHING-MAIN,1,4,1672.5
10801,KEW GARDENS,1,4,1666.5
637,145 ST,1,4,1639.25
9331,FULTON ST,1,4,1625.0
3451,59 ST COLUMBUS,1,4,1583.25
11557,METS-WILLETS PT,1,4,1557.25
10717,JUNCTION BLVD,1,4,1541.0
595,14 ST-UNION SQ,1,4,1539.0
13069,PATH NEW WTC,1,4,1453.0
10423,JAMAICA CENTER,1,4,1418.0
3409,59 ST,1,4,1368.25
3157,50 ST,1,4,1361.5
9626,GRD CNTRL-42 ST,1,8,48029.5
2486,34 ST-PENN STA,1,8,26855.75
596,14 ST-UNION SQ,1,8,26474.5
9332,FULTON ST,1,8,26435.75
386,125 ST,1,8,22607.25
2738,42 ST-PORT AUTH,1,8,21127.25
1856,23 ST,1,8,21010.0
4670,96 ST,1,8,20429.25
4460,86 ST,1,8,19041.5
2402,34 ST-HERALD SQ,1,8,17840.5
13070,PATH NEW WTC,1,8,17747.25
3830,7 AV,1,8,16326.5
8954,FLUSHING-MAIN,1,8,15968.0
14666,TIMES SQ-42 ST,1,8,14609.25
10676,JOURNAL SQUARE,1,8,14206.75
10424,JAMAICA CENTER,1,8,13985.5
3914,72 ST,1,8,13680.25
7106,CANAL ST,1,8,13057.0
3956,72 ST-2 AVE,1,8,12819.25
3410,59 ST,1,8,12769.25
2487,34 ST-PENN STA,1,12,85714.5
9627,GRD CNTRL-42 ST,1,12,71399.75
2403,34 ST-HERALD SQ,1,12,60718.75
14667,TIMES SQ-42 ST,1,12,46261.5
9333,FULTON ST,1,12,43158.75
2739,42 ST-PORT AUTH,1,12,42475.25
1857,23 ST,1,12,40890.75
597,14 ST-UNION SQ,1,12,37929.0
2907,47-50 STS ROCK,1,12,37038.75
13071,PATH NEW WTC,1,12,33099.0
4461,86 ST,1,12,33082.25
3453,59 ST COLUMBUS,1,12,31746.0
3411,59 ST,1,12,31580.5
7107,CANAL ST,1,12,30591.5
7401,CHAMBERS ST,1,12,28851.5
555,14 ST,1,12,28595.75
387,125 ST,1,12,28326.25
11181,LEXINGTON AV/53,1,12,27345.5
15213,WALL ST,1,12,25916.25
10677,JOURNAL SQUARE,1,12,23430.75
9628,GRD CNTRL-42 ST,1,16,55845.25
2488,34 ST-PENN STA,1,16,50582.25
598,14 ST-UNION SQ,1,16,42255.75
2404,34 ST-HERALD SQ,1,16,42048.5
1858,23 ST,1,16,41212.75
9334,FULTON ST,1,16,35680.75
14668,TIMES SQ-42 ST,1,16,35444.75
4462,86 ST,1,16,30466.25
7108,CANAL ST,1,16,29958.0
388,125 ST,1,16,29376.0
2740,42 ST-PORT AUTH,1,16,27649.25
3454,59 ST COLUMBUS,1,16,27619.75
556,14 ST,1,16,25056.5
4672,96 ST,1,16,24400.25
7402,CHAMBERS ST,1,16,24299.0
3412,59 ST,1,16,22211.0
3916,72 ST,1,16,20800.5
2908,47-50 STS ROCK,1,16,19024.5
10636,JKSN HT-ROOSVLT,1,16,16286.25
8956,FLUSHING-MAIN,1,16,15831.75
2489,34 ST-PENN STA,1,20,99432.5
9629,GRD CNTRL-42 ST,1,20,97862.25
2405,34 ST-HERALD SQ,1,20,82289.0
14669,TIMES SQ-42 ST,1,20,65591.25
9335,FULTON ST,1,20,61101.5
599,14 ST-UNION SQ,1,20,59348.25
1859,23 ST,1,20,59208.0
2741,42 ST-PORT AUTH,1,20,50532.75
4463,86 ST,1,20,42363.0
7109,CANAL ST,1,20,42198.0
2909,47-50 STS ROCK,1,20,41892.0
13073,PATH NEW WTC,1,20,41211.5
3455,59 ST COLUMBUS,1,20,40998.25
557,14 ST,1,20,40276.5
3413,59 ST,1,20,38500.25
7403,CHAMBERS ST,1,20,37744.5
389,125 ST,1,20,35250.25
8957,FLUSHING-MAIN,1,20,29895.5
4673,96 ST,1,20,29892.75
2699,42 ST-BRYANT PK,1,20,29387.5
2490,34 ST-PENN STA,2,0,34747.25
14670,TIMES SQ-42 ST,2,0,26826.25
2742,42 ST-PORT AUTH,2,0,26022.0
2406,34 ST-HERALD SQ,2,0,24235.5
10680,JOURNAL SQUARE,2,0,18798.0
9630,GRD CNTRL-42 ST,2,0,18575.5
600,14 ST-UNION SQ,2,0,17869.25
1860,23 ST,2,0,15498.0
9336,FULTON ST,2,0,14605.75
3456,59 ST COLUMBUS,2,0,14346.0
390,125 ST,2,0,13056.75
4464,86 ST,2,0,12645.75
8958,FLUSHING-MAIN,2,0,12631.25
558,14 ST,2,0,12506.5
3414,59 ST,2,0,10817.25
3162,50 ST,2,0,10608.25
3036,5 AV/53 ST,2,0,10475.25
7110,CANAL ST,2,0,10400.75
10638,JKSN HT-ROOSVLT,2,0,10345.5
7404,CHAMBERS ST,2,0,9613.75
10681,JOURNAL SQUARE,2,4,12866.0
2743,42 ST-PORT AUTH,2,4,7123.75
2491,34 ST-PENN STA,2,4,5895.5
9715,GROVE STREET,2,4,4787.5
14671,TIMES SQ-42 ST,2,4,4749.0
391,125 ST,2,4,2642.75
9631,GRD CNTRL-42 ST,2,4,2629.0
2407,34 ST-HERALD SQ,2,4,2610.5
10639,JKSN HT-ROOSVLT,2,4,2293.0
10807,KEW GARDENS,2,4,1925.75
9337,FULTON ST,2,4,1899.0
643,145 ST,2,4,1842.25
3457,59 ST COLUMBUS,2,4,1840.0
8959,FLUSHING-MAIN,2,4,1782.5
3163,50 ST,2,4,1753.0
601,14 ST-UNION SQ,2,4,1723.5
559,14 ST,2,4,1611.75
3415,59 ST,2,4,1601.5
1861,23 ST,2,4,1430.75
13075,PATH NEW WTC,2,4,1390.25
9632,GRD CNTRL-42 ST,2,8,46846.0
602,14 ST-UNION SQ,2,8,27787.75
2492,34 ST-PENN STA,2,8,26892.25
9338,FULTON ST,2,8,25829.75
392,125 ST,2,8,23479.5
1862,23 ST,2,8,21554.75
4676,96 ST,2,8,20907.0
2744,42 ST-PORT AUTH,2,8,20594.75
13076,PATH NEW WTC,2,8,20041.5
4466,86 ST,2,8,19522.25
2408,34 ST-HERALD SQ,2,8,17551.75
10682,JOURNAL SQUARE,2,8,17462.75
8960,FLUSHING-MAIN,2,8,16520.75
3836,7 AV,2,8,15732.5
7574,CITY / BUS,2,8,14823.0
10430,JAMAICA CENTER,2,8,14292.25
14672,TIMES SQ-42 ST,2,8,14280.25
7112,CANAL ST,2,8,13278.75
3416,59 ST,2,8,13105.75
3962,72 ST-2 AVE,2,8,12689.25
2493,34 ST-PENN STA,2,12,85230.25
9633,GRD CNTRL-42 ST,2,12,72186.5
2409,34 ST-HERALD SQ,2,12,59983.0
14673,TIMES SQ-42 ST,2,12,49879.5
9339,FULTON ST,2,12,45072.0
1863,23 ST,2,12,44541.75
2745,42 ST-PORT AUTH,2,12,42272.0
603,14 ST-UNION SQ,2,12,39429.25
2913,47-50 STS ROCK,2,12,38219.5
3459,59 ST COLUMBUS,2,12,33774.75
4467,86 ST,2,12,33395.25
3417,59 ST,2,12,32206.75
7407,CHAMBERS ST,2,12,31126.0
7113,CANAL ST,2,12,30976.5
13077,PATH NEW WTC,2,12,30609.0
561,14 ST,2,12,29085.0
11187,LEXINGTON AV/53,2,12,27705.0
393,125 ST,2,12,27419.0
15219,WALL ST,2,12,25900.0
8961,FLUSHING-MAIN,2,12,24223.5
9634,GRD CNTRL-42 ST,2,16,55648.25
2494,34 ST-PENN STA,2,16,51003.75
604,14 ST-UNION SQ,2,16,46672.25
2410,34 ST-HERALD SQ,2,16,43588.75
1864,23 ST,2,16,42099.0
9340,FULTON ST,2,16,36836.25
14674,TIMES SQ-42 ST,2,16,35504.0
394,125 ST,2,16,33324.75
7114,CANAL ST,2,16,31870.75
4468,86 ST,2,16,30540.75
3460,59 ST COLUMBUS,2,16,29508.5
2746,42 ST-PORT AUTH,2,16,28132.5
562,14 ST,2,16,26274.5
7408,CHAMBERS ST,2,16,25882.25
4678,96 ST,2,16,25224.75
3418,59 ST,2,16,24156.75
2914,47-50 STS ROCK,2,16,18820.75
8962,FLUSHING-MAIN,2,16,18084.0
3922,72 ST,2,16,17580.0
10642,JKSN HT-ROOSVLT,2,16,16865.75
9635,GRD CNTRL-42 ST,2,20,100479.0
2495,34 ST-PENN STA,2,20,100039.25
2411,34 ST-HERALD SQ,2,20,84179.5
14675,TIMES SQ-42 ST,2,20,66958.5
1865,23 ST,2,20,63078.5
9341,FULTON ST,2,20,60823.25
605,14 ST-UNION SQ,2,20,59918.75
2747,42 ST-PORT AUTH,2,20,51672.0
7115,CANAL ST,2,20,44187.75
3461,59 ST COLUMBUS,2,20,43690.5
2915,47-50 STS ROCK,2,20,42491.75
4469,86 ST,2,20,41657.25
563,14 ST,2,20,41489.75
13079,PATH NEW WTC,2,20,40254.25
3419,59 ST,2,20,38972.0
7409,CHAMBERS ST,2,20,38747.25
395,125 ST,2,20,36152.25
4679,96 ST,2,20,30638.5
2705,42 ST-BRYANT PK,2,20,30202.0
11189,LEXINGTON AV/53,2,20,29890.75
2496,34 ST-PENN STA,3,0,36733.0
14676,TIMES SQ-42 ST,3,0,27031.75
2748,42 ST-PORT AUTH,3,0,26444.75
2412,34 ST-HERALD SQ,3,0,25601.75
9636,GRD CNTRL-42 ST,3,0,20363.0
606,14 ST-UNION SQ,3,0,18680.5
1866,23 ST,3,0,16935.5
10686,JOURNAL SQUARE,3,0,15887.25
3462,59 ST COLUMBUS,3,0,15685.0
9342,FULTON ST,3,0,14724.5
396,125 ST,3,0,14150.5
564,14 ST,3,0,13510.25
8964,FLUSHING-MAIN,3,0,13308.5
13080,PATH NEW WTC,3,0,13174.25
4470,86 ST,3,0,12975.0
900,161/YANKEE STAD,3,0,11851.0
3420,59 ST,3,0,11551.75
7116,CANAL ST,3,0,11413.0
3042,5 AV/53 ST,3,0,11045.5
3168,50 ST,3,0,10811.5
10687,JOURNAL SQUARE,3,4,8232.75
2749,42 ST-PORT AUTH,3,4,7852.75
2497,34 ST-PENN STA,3,4,6031.0
14677,TIMES SQ-42 ST,3,4,4582.5
9637,GRD CNTRL-42 ST,3,4,2801.0
397,125 ST,3,4,2743.75
2413,34 ST-HERALD SQ,3,4,2521.75
10645,JKSN HT-ROOSVLT,3,4,2247.25
10813,KEW GARDENS,3,4,2054.5
3463,59 ST COLUMBUS,3,4,1919.25
649,145 ST,3,4,1907.5
9343,FULTON ST,3,4,1870.5
8965,FLUSHING-MAIN,3,4,1840.75
3169,50 ST,3,4,1805.0
13081,PATH NEW WTC,3,4,1798.25
607,14 ST-UNION SQ,3,4,1711.0
3421,59 ST,3,4,1636.5
565,14 ST,3,4,1595.25
1867,23 ST,3,4,1548.75
7537,CHURCH AV,3,4,1448.5
9638,GRD CNTRL-42 ST,3,8,47358.25
608,14 ST-UNION SQ,3,8,28553.5
2498,34 ST-PENN STA,3,8,27507.75
9344,FULTON ST,3,8,26235.75
398,125 ST,3,8,24668.0
4682,96 ST,3,8,23049.75
1868,23 ST,3,8,22123.5
2750,42 ST-PORT AUTH,3,8,21273.25
4472,86 ST,3,8,21010.5
10688,JOURNAL SQUARE,3,8,19697.5
13082,PATH NEW WTC,3,8,18147.25
2414,34 ST-HERALD SQ,3,8,18104.0
8966,FLUSHING-MAIN,3,8,17548.5
3842,7 AV,3,8,17053.25
10436,JAMAICA CENTER,3,8,15007.25
14678,TIMES SQ-42 ST,3,8,14774.25
3926,72 ST,3,8,14767.25
3422,59 ST,3,8,13398.0
7118,CANAL ST,3,8,13377.5
3968,72 ST-2 AVE,3,8,13155.0
2499,34 ST-PENN STA,3,12,89004.0
9639,GRD CNTRL-42 ST,3,12,74757.75
2415,34 ST-HERALD SQ,3,12,62717.0
14679,TIMES SQ-42 ST,3,12,49368.25
1869,23 ST,3,12,46794.0
9345,FULTON ST,3,12,46213.25
2751,42 ST-PORT AUTH,3,12,42970.75
2919,47-50 STS ROCK,3,12,39845.25
609,14 ST-UNION SQ,3,12,39119.75
3465,59 ST COLUMBUS,3,12,35147.25
4473,86 ST,3,12,34731.5
3423,59 ST,3,12,33749.5
7413,CHAMBERS ST,3,12,32850.5
13083,PATH NEW WTC,3,12,32525.5
7119,CANAL ST,3,12,31332.25
399,125 ST,3,12,30407.0
567,14 ST,3,12,29123.0
11193,LEXINGTON AV/53,3,12,28508.75
15225,WALL ST,3,12,26699.75
8967,FLUSHING-MAIN,3,12,24667.5
9640,GRD CNTRL-42 ST,3,16,58764.25
2500,34 ST-PENN STA,3,16,53492.5
610,14 ST-UNION SQ,3,16,48045.0
2416,34 ST-HERALD SQ,3,16,44921.5
1870,23 ST,3,16,44902.5
9346,FULTON ST,3,16,39184.0
14680,TIMES SQ-42 ST,3,16,37560.5
7120,CANAL ST,3,16,33041.25
400,125 ST,3,16,32420.75
4474,86 ST,3,16,32320.75
3466,59 ST COLUMBUS,3,16,31701.75
568,14 ST,3,16,28504.5
7414,CHAMBERS ST,3,16,27629.5
2752,42 ST-PORT AUTH,3,16,27536.75
4684,96 ST,3,16,27135.75
3424,59 ST,3,16,25936.5
2920,47-50 STS ROCK,3,16,20079.0
3928,72 ST,3,16,18887.25
10522,JAY ST-METROTEC,3,16,17670.75
8968,FLUSHING-MAIN,3,16,17259.5
2501,34 ST-PENN STA,3,20,103837.5
9641,GRD CNTRL-42 ST,3,20,100851.75
2417,34 ST-HERALD SQ,3,20,86733.75
14681,TIMES SQ-42 ST,3,20,68959.75
1871,23 ST,3,20,66630.5
9347,FULTON ST,3,20,63064.5
611,14 ST-UNION SQ,3,20,59820.5
2753,42 ST-PORT AUTH,3,20,52749.0
3467,59 ST COLUMBUS,3,20,46346.0
7121,CANAL ST,3,20,45487.0
2921,47-50 STS ROCK,3,20,43772.0
7415,CHAMBERS ST,3,20,43334.25
569,14 ST,3,20,43098.75
4475,86 ST,3,20,43080.25
3425,59 ST,3,20,40502.75
13085,PATH NEW WTC,3,20,39230.5
401,125 ST,3,20,37900.25
4685,96 ST,3,20,32695.75
2711,42 ST-BRYANT PK,3,20,31094.5
8969,FLUSHING-MAIN,3,20,30653.0
2502,34 ST-PENN STA,4,0,39444.75
14682,TIMES SQ-42 ST,4,0,29473.25
2754,42 ST-PORT AUTH,4,0,28282.25
2418,34 ST-HERALD SQ,4,0,27801.25
612,14 ST-UNION SQ,4,0,22249.5
9642,GRD CNTRL-42 ST,4,0,21787.75
1872,23 ST,4,0,18766.0
10692,JOURNAL SQUARE,4,0,17681.5
3468,59 ST COLUMBUS,4,0,16929.5
9348,FULTON ST,4,0,15897.0
13086,PATH NEW WTC,4,0,14849.25
570,14 ST,4,0,14770.25
402,125 ST,4,0,14476.5
4476,86 ST,4,0,14003.5
8970,FLUSHING-MAIN,4,0,13682.0
7122,CANAL ST,4,0,12806.25
3426,59 ST,4,0,12219.5
3174,50 ST,4,0,11798.5
3048,5 AV/53 ST,4,0,11578.5
906,161/YANKEE STAD,4,0,11296.5
10693,JOURNAL SQUARE,4,4,10048.0
2755,42 ST-PORT AUTH,4,4,8662.75
2503,34 ST-PENN STA,4,4,7199.25
14683,TIMES SQ-42 ST,4,4,5365.5
2419,34 ST-HERALD SQ,4,4,3261.0
403,125 ST,4,4,3027.25
9643,GRD CNTRL-42 ST,4,4,2848.25
655,145 ST,4,4,2628.75
10651,JKSN HT-ROOSVLT,4,4,2542.5
13087,PATH NEW WTC,4,4,2327.75
9349,FULTON ST,4,4,2250.0
3469,59 ST COLUMBUS,4,4,2224.5
10819,KEW GARDENS,4,4,2220.25
3175,50 ST,4,4,2104.5
613,14 ST-UNION SQ,4,4,2095.5
571,14 ST,4,4,2045.75
8971,FLUSHING-MAIN,4,4,1932.25
1873,23 ST,4,4,1782.25
3427,59 ST,4,4,1780.75
7543,CHURCH AV,4,4,1515.0
9644,GRD CNTRL-42 ST,4,8,40452.25
614,14 ST-UNION SQ,4,8,26041.25
2504,34 ST-PENN STA,4,8,24856.5
9350,FULTON ST,4,8,23300.25
404,125 ST,4,8,23224.75
4688,96 ST,4,8,21163.5
4478,86 ST,4,8,19743.5
2756,42 ST-PORT AUTH,4,8,19721.5
1874,23 ST,4,8,19560.5
8972,FLUSHING-MAIN,4,8,16898.75
2420,34 ST-HERALD SQ,4,8,16144.25
3848,7 AV,4,8,15069.5
10694,JOURNAL SQUARE,4,8,14775.75
10442,JAMAICA CENTER,4,8,14535.25
13088,PATH NEW WTC,4,8,14048.5
14684,TIMES SQ-42 ST,4,8,13712.75
3932,72 ST,4,8,13345.75
3428,59 ST,4,8,12845.25
7124,CANAL ST,4,8,12546.75
10652,JKSN HT-ROOSVLT,4,8,12373.5
2505,34 ST-PENN STA,4,12,77606.5
9645,GRD CNTRL-42 ST,4,12,67123.5
2421,34 ST-HERALD SQ,4,12,57714.5
14685,TIMES SQ-42 ST,4,12,46607.75
2925,47-50 STS ROCK,4,12,42629.75
9351,FULTON ST,4,12,42091.25
1875,23 ST,4,12,41148.75
615,14 ST-UNION SQ,4,12,39547.25
2757,42 ST-PORT AUTH,4,12,39192.5
4479,86 ST,4,12,33411.0
3429,59 ST,4,12,31339.5
3471,59 ST COLUMBUS,4,12,30486.0
7125,CANAL ST,4,12,30424.5
405,125 ST,4,12,30382.25
13089,PATH NEW WTC,4,12,29829.75
7419,CHAMBERS ST,4,12,29261.5
573,14 ST,4,12,27697.5
11199,LEXINGTON AV/53,4,12,25068.5
8973,FLUSHING-MAIN,4,12,23927.75
15231,WALL ST,4,12,23445.0
9646,GRD CNTRL-42 ST,4,16,64883.25
2506,34 ST-PENN STA,4,16,59839.25
2422,34 ST-HERALD SQ,4,16,56935.0
616,14 ST-UNION SQ,4,16,53164.5
1876,23 ST,4,16,44551.75
9352,FULTON ST,4,16,42002.25
14686,TIMES SQ-42 ST,4,16,39138.75
7126,CANAL ST,4,16,37039.25
406,125 ST,4,16,35364.75
4480,86 ST,4,16,35311.5
3472,59 ST COLUMBUS,4,16,31471.5
574,14 ST,4,16,30876.5
2758,42 ST-PORT AUTH,4,16,30316.5
7420,CHAMBERS ST,4,16,28760.75
4690,96 ST,4,16,28741.25
3430,59 ST,4,16,27370.25
2926,47-50 STS ROCK,4,16,22929.25
3934,72 ST,4,16,20528.25
8974,FLUSHING-MAIN,4,16,19187.75
5110,ATL AV-BARCLAY,4,16,19165.0
2507,34 ST-PENN STA,4,20,96636.5
9647,GRD CNTRL-42 ST,4,20,85222.25
2423,34 ST-HERALD SQ,4,20,81771.5
14687,TIMES SQ-42 ST,4,20,63440.25
617,14 ST-UNION SQ,4,20,56490.5
9353,FULTON ST,4,20,54830.0
1877,23 ST,4,20,53192.25
2759,42 ST-PORT AUTH,4,20,50540.75
7127,CANAL ST,4,20,44815.5
4481,86 ST,4,20,41160.0
575,14 ST,4,20,39316.5
3473,59 ST COLUMBUS,4,20,38518.25
2927,47-50 STS ROCK,4,20,38046.5
407,125 ST,4,20,37522.0
3431,59 ST,4,20,36249.0
13091,PATH NEW WTC,4,20,34898.0
7421,CHAMBERS ST,4,20,34092.5
8975,FLUSHING-MAIN,4,20,29837.25
4691,96 ST,4,20,28631.75
5111,ATL AV-BARCLAY,4,20,27789.5
2508,34 ST-PENN STA,5,0,31863.5
14688,TIMES SQ-42 ST,5,0,30792.333333333332
2424,34 ST-HERALD SQ,5,0,28045.666666666668
2760,42 ST-PORT AUTH,5,0,25469.25
618,14 ST-UNION SQ,5,0,22009.666666666668
9648,GRD CNTRL-42 ST,5,0,21818.666666666668
408,125 ST,5,0,16483.666666666668
1878,23 ST,5,0,15927.666666666666
10698,JOURNAL SQUARE,5,0,15693.25
8976,FLUSHING-MAIN,5,0,14364.333333333334
576,14 ST,5,0,14348.666666666666
7128,CANAL ST,5,0,13968.666666666666
3474,59 ST COLUMBUS,5,0,13792.666666666666
4482,86 ST,5,0,13743.0
9354,FULTON ST,5,0,13652.75
912,161/YANKEE STAD,5,0,12752.666666666666
3432,59 ST,5,0,12214.666666666666
15108,W 4 ST-WASH SQ,5,0,12024.666666666666
3180,50 ST,5,0,11533.0
10656,JKSN HT-ROOSVLT,5,0,11362.333333333334
10699,JOURNAL SQUARE,5,4,10378.25
2761,42 ST-PORT AUTH,5,4,9287.25
2509,34 ST-PENN STA,5,4,8360.75
14689,TIMES SQ-42 ST,5,4,7803.25
2425,34 ST-HERALD SQ,5,4,5174.25
409,125 ST,5,4,4130.75
9649,GRD CNTRL-42 ST,5,4,3706.0
619,14 ST-UNION SQ,5,4,3579.25
10657,JKSN HT-ROOSVLT,5,4,3514.75
577,14 ST,5,4,3263.75
3181,50 ST,5,4,3210.5
13093,PATH NEW WTC,5,4,3108.5
6121,BEDFORD AV,5,4,3084.75
661,145 ST,5,4,3031.75
9355,FULTON ST,5,4,2932.25
3475,59 ST COLUMBUS,5,4,2929.75
1879,23 ST,5,4,2714.0
15109,W 4 ST-WASH SQ,5,4,2555.25
8977,FLUSHING-MAIN,5,4,2493.5
3433,59 ST,5,4,2389.5
410,125 ST,5,8,8772.75
10700,JOURNAL SQUARE,5,8,8591.5
9650,GRD CNTRL-42 ST,5,8,7799.5
620,14 ST-UNION SQ,5,8,7374.5
2510,34 ST-PENN STA,5,8,6808.5
2762,42 ST-PORT AUTH,5,8,6793.0
8978,FLUSHING-MAIN,5,8,6175.0
7130,CANAL ST,5,8,5846.75
10658,JKSN HT-ROOSVLT,5,8,5767.5
9356,FULTON ST,5,8,5333.75
14690,TIMES SQ-42 ST,5,8,5219.0
4484,86 ST,5,8,5200.0
4694,96 ST,5,8,5169.0
3434,59 ST,5,8,5025.75
1880,23 ST,5,8,4782.25
10742,JUNCTION BLVD,5,8,4774.75
2426,34 ST-HERALD SQ,5,8,4553.5
10448,JAMAICA CENTER,5,8,4115.0
13094,PATH NEW WTC,5,8,4054.5
3938,72 ST,5,8,3665.0
2511,34 ST-PENN STA,5,12,26093.5
9651,GRD CNTRL-42 ST,5,12,25556.25
621,14 ST-UNION SQ,5,12,24734.5
7131,CANAL ST,5,12,22170.0
14691,TIMES SQ-42 ST,5,12,20507.25
2763,42 ST-PORT AUTH,5,12,19690.75
411,125 ST,5,12,18963.5
2427,34 ST-HERALD SQ,5,12,18674.0
4485,86 ST,5,12,16692.75
1881,23 ST,5,12,16200.0
9357,FULTON ST,5,12,16190.25
8979,FLUSHING-MAIN,5,12,16102.5
4695,96 ST,5,12,13862.0
3435,59 ST,5,12,13718.0
3477,59 ST COLUMBUS,5,12,13624.5
10659,JKSN HT-ROOSVLT,5,12,12989.5
3939,72 ST,5,12,12189.5
10701,JOURNAL SQUARE,5,12,11548.25
13095,PATH NEW WTC,5,12,11352.0
579,14 ST,5,12,10990.0
622,14 ST-UNION SQ,5,16,41182.25
2512,34 ST-PENN STA,5,16,40042.0
7132,CANAL ST,5,16,35432.0
14692,TIMES SQ-42 ST,5,16,32542.0
9652,GRD CNTRL-42 ST,5,16,32016.75
2428,34 ST-HERALD SQ,5,16,31214.0
2764,42 ST-PORT AUTH,5,16,26623.0
412,125 ST,5,16,26308.25
9358,FULTON ST,5,16,25110.25
1882,23 ST,5,16,25053.75
4486,86 ST,5,16,24905.0
3478,59 ST COLUMBUS,5,16,22171.25
3436,59 ST,5,16,20674.0
580,14 ST,5,16,19208.25
6124,BEDFORD AV,5,16,18163.5
4696,96 ST,5,16,17903.25
8980,FLUSHING-MAIN,5,16,17579.5
13096,PATH NEW WTC,5,16,16556.0
3940,72 ST,5,16,15892.5
10660,JKSN HT-ROOSVLT,5,16,15695.0
2513,34 ST-PENN STA,5,20,43875.5
14693,TIMES SQ-42 ST,5,20,40603.0
623,14 ST-UNION SQ,5,20,36625.5
2429,34 ST-HERALD SQ,5,20,36476.75
7133,CANAL ST,5,20,33802.5
9653,GRD CNTRL-42 ST,5,20,32087.25
2765,42 ST-PORT AUTH,5,20,31137.75
9359,FULTON ST,5,20,25463.5
413,125 ST,5,20,25307.0
4487,86 ST,5,20,24628.75
1883,23 ST,5,20,23146.25
3479,59 ST COLUMBUS,5,20,22467.0
3437,59 ST,5,20,19391.0
8981,FLUSHING-MAIN,5,20,19317.75
581,14 ST,5,20,19185.25
13097,PATH NEW WTC,5,20,18773.5
6125,BEDFORD AV,5,20,17825.5
15113,W 4 ST-WASH SQ,5,20,16246.25
10661,JKSN HT-ROOSVLT,5,20,16130.0
4697,96 ST,5,20,15889.5
14694,TIMES SQ-42 ST,6,0,30206.0
2514,34 ST-PENN STA,6,0,29011.25
2766,42 ST-PORT AUTH,6,0,24654.5
2430,34 ST-HERALD SQ,6,0,21494.75
624,14 ST-UNION SQ,6,0,18104.0
9654,GRD CNTRL-42 ST,6,0,16498.5
414,125 ST,6,0,15708.0
9360,FULTON ST,6,0,13229.5
7134,CANAL ST,6,0,13222.75
13098,PATH NEW WTC,6,0,12973.25
8982,FLUSHING-MAIN,6,0,12316.75
1884,23 ST,6,0,12298.0
4488,86 ST,6,0,11989.0
10704,JOURNAL SQUARE,6,0,11775.75
3480,59 ST COLUMBUS,6,0,11495.0
582,14 ST,6,0,10779.5
10662,JKSN HT-ROOSVLT,6,0,10397.5
15114,W 4 ST-WASH SQ,6,0,10293.25
6126,BEDFORD AV,6,0,10128.5
3438,59 ST,6,0,9785.0
2767,42 ST-PORT AUTH,6,4,11112.75
2515,34 ST-PENN STA,6,4,9204.0
10705,JOURNAL SQUARE,6,4,8646.5
14695,TIMES SQ-42 ST,6,4,7963.0
13099,PATH NEW WTC,6,4,4925.5
2431,34 ST-HERALD SQ,6,4,4539.5
415,125 ST,6,4,4066.25
625,14 ST-UNION SQ,6,4,3438.25
10663,JKSN HT-ROOSVLT,6,4,3390.5
6127,BEDFORD AV,6,4,3260.5
9655,GRD CNTRL-42 ST,6,4,3201.75
583,14 ST,6,4,3089.25
3187,50 ST,6,4,3043.5
9361,FULTON ST,6,4,3004.75
667,145 ST,6,4,2941.25
4699,96 ST,6,4,2729.5
15115,W 4 ST-WASH SQ,6,4,2538.0
1885,23 ST,6,4,2465.0
3481,59 ST COLUMBUS,6,4,2452.25
5119,ATL AV-BARCLAY,6,4,2392.25
10706,JOURNAL SQUARE,6,8,8221.25
416,125 ST,6,8,6006.5
626,14 ST-UNION SQ,6,8,4828.0
2768,42 ST-PORT AUTH,6,8,4661.5
9656,GRD CNTRL-42 ST,6,8,4568.75
2516,34 ST-PENN STA,6,8,4451.75
7136,CANAL ST,6,8,3984.5
4700,96 ST,6,8,3950.25
10664,JKSN HT-ROOSVLT,6,8,3870.25
4490,86 ST,6,8,3641.25
8984,FLUSHING-MAIN,6,8,3533.75
14696,TIMES SQ-42 ST,6,8,3461.0
2432,34 ST-HERALD SQ,6,8,3258.0
9362,FULTON ST,6,8,3199.25
3440,59 ST,6,8,3126.5
1886,23 ST,6,8,2903.0
7556,CHURCH AV,6,8,2763.0
10454,JAMAICA CENTER,6,8,2697.5
3944,72 ST,6,8,2681.75
13100,PATH NEW WTC,6,8,2602.0
2517,34 ST-PENN STA,6,12,21792.5
9657,GRD CNTRL-42 ST,6,12,19866.0
627,14 ST-UNION SQ,6,12,18882.0
7137,CANAL ST,6,12,18709.0
417,125 ST,6,12,17001.5
14697,TIMES SQ-42 ST,6,12,16129.0
2769,42 ST-PORT AUTH,6,12,15794.25
2433,34 ST-HERALD SQ,6,12,15059.25
4491,86 ST,6,12,14050.5
8985,FLUSHING-MAIN,6,12,12912.75
9363,FULTON ST,6,12,12795.5
4701,96 ST,6,12,12766.75
10707,JOURNAL SQUARE,6,12,12684.5
1887,23 ST,6,12,11723.5
3483,59 ST COLUMBUS,6,12,11214.75
3945,72 ST,6,12,11196.75
3441,59 ST,6,12,11056.75
10665,JKSN HT-ROOSVLT,6,12,10194.5
585,14 ST,6,12,8893.5
15117,W 4 ST-WASH SQ,6,12,8542.5
2518,34 ST-PENN STA,6,16,36211.0
628,14 ST-UNION SQ,6,16,32276.0
2434,34 ST-HERALD SQ,6,16,31554.0
7138,CANAL ST,6,16,29255.0
14698,TIMES SQ-42 ST,6,16,27935.0
9658,GRD CNTRL-42 ST,6,16,27043.75
418,125 ST,6,16,23836.0
2770,42 ST-PORT AUTH,6,16,22708.25
4492,86 ST,6,16,21611.75
9364,FULTON ST,6,16,20480.5
1888,23 ST,6,16,19835.75
3484,59 ST COLUMBUS,6,16,18573.5
586,14 ST,6,16,16248.0
3442,59 ST,6,16,15997.0
4702,96 ST,6,16,15910.75
8986,FLUSHING-MAIN,6,16,15039.5
3946,72 ST,6,16,15035.25
10666,JKSN HT-ROOSVLT,6,16,13129.75
15118,W 4 ST-WASH SQ,6,16,13028.25
5122,ATL AV-BARCLAY,6,16,12335.75
2519,34 ST-PENN STA,6,20,39504.5
14699,TIMES SQ-42 ST,6,20,31634.75
2435,34 ST-HERALD SQ,6,20,30064.5
2771,42 ST-PORT AUTH,6,20,27768.75
629,14 ST-UNION SQ,6,20,27753.25
9659,GRD CNTRL-42 ST,6,20,25768.5
7139,CANAL ST,6,20,25752.0
419,125 ST,6,20,20576.25
9365,FULTON ST,6,20,19504.75
4493,86 ST,6,20,18877.75
1889,23 ST,6,20,17989.5
3485,59 ST COLUMBUS,6,20,17322.75
8987,FLUSHING-MAIN,6,20,15494.0
3443,59 ST,6,20,15052.25
587,14 ST,6,20,14784.5
10709,JOURNAL SQUARE,6,20,13670.75
4703,96 ST,6,20,13464.75
10667,JKSN HT-ROOSVLT,6,20,13027.25
13103,PATH NEW WTC,6,20,13025.5
5123,ATL AV-BARCLAY,6,20,12647.25
